0.000000000000000000e+00,-7.627210738190067785e-01,4.549713513814296166e-03
2.000000000000000042e-03,-6.329008498997925614e-01,1.287559823201578010e-02
4.000000000000000083e-03,-6.262291590861821522e-01,2.038982040627611292e-02
6.000000000000000125e-03,-6.030104852806064120e-01,2.772967812955553016e-02
8.000000000000000167e-03,-5.824238163866753970e-01,3.481361548502249353e-02
1.000000000000000021e-02,-5.618378365145655362e-01,4.165871880046923686e-02
1.200000000000000025e-02,-5.416061785549753926e-01,4.826844838404940191e-02
1.400000000000000029e-02,-5.216760350497979815e-01,5.464801507996876889e-02
1.600000000000000033e-02,-5.020497122433167370e-01,6.080228537365688773e-02
1.800000000000000211e-02,-4.827230074195857923e-01,6.673607236561376888e-02
2.000000000000000042e-02,-4.636921916460207682e-01,7.245409919718916181e-02
2.199999999999999872e-02,-4.449536470900508078e-01,7.796100342600803534e-02
2.400000000000000050e-02,-4.265044401125754336e-01,8.326134278554374324e-02
2.600000000000000228e-02,-4.083412192967819099e-01,8.835959682370027324e-02
2.800000000000000058e-02,-3.904610087099056326e-01,9.326016792408729772e-02
2.999999999999999889e-02,-3.728606843238772561e-01,9.796738187442653734e-02
3.200000000000000067e-02,-3.555377305625635476e-01,1.024854929367522011e-01
3.400000000000000244e-02,-3.384892346735161039e-01,1.068186846245138683e-01
3.600000000000000422e-02,-3.217122542957280285e-01,1.109710684629585525e-01
3.799999999999999906e-02,-3.052047250977442117e-01,1.149466892784086480e-01
4.000000000000000083e-02,-2.889634297726104140e-01,1.187495244582127685e-01
4.200000000000000261e-02,-2.729862420920046162e-01,1.223834843349978774e-01
4.399999999999999745e-02,-2.572704262126731534e-01,1.258524157340058791e-01
4.599999999999999922e-02,-2.418136738612332026e-01,1.291601014138782921e-01
4.800000000000000100e-02,-2.266134501879359942e-01,1.323102624236940361e-01
5.000000000000000278e-02,-2.116672864955515820e-01,1.353065574134190985e-01
5.200000000000000455e-02,-1.969727923770035471e-01,1.381525845152267173e-01
5.399999999999999939e-02,-1.825276146521098153e-01,1.408518826588227579e-01
5.600000000000000117e-02,-1.683292362236116779e-01,1.434079314464961619e-01
5.800000000000000294e-02,-1.543754284947813360e-01,1.458241526804629207e-01
5.999999999999999778e-02,-1.406636705026201306e-01,1.481039111050388712e-01
6.199999999999999956e-02,-1.271915632793328144e-01,1.502505141562052449e-01
6.400000000000000133e-02,-1.139567629653067682e-01,1.522672136013404343e-01
6.600000000000000311e-02,-1.009569379274989770e-01,1.541572066712589839e-01
6.800000000000000488e-02,-8.818962695717458278e-02,1.559236361064621768e-01
7.000000000000000666e-02,-7.565241922318957646e-02,1.575695902363926093e-01
7.200000000000000844e-02,-6.334286209904568810e-02,1.590981039632587968e-01
7.399999999999999634e-02,-5.125868080535421478e-02,1.605121600640627422e-01
7.599999999999999811e-02,-3.939735799483178036e-02,1.618146893755723625e-01
7.799999999999999989e-02,-2.775651141044123763e-02,1.630085710134585586e-01
8.000000000000000167e-02,-1.633368358368788437e-02,1.640966332336329658e-01
8.200000000000000344e-02,-5.126458869974013371e-03,1.650816540077964800e-01
8.400000000000000522e-02,5.867614305667718730e-03,1.659663615129079173e-01
8.600000000000000699e-02,1.665094835314718039e-02,1.667534349002141869e-01
8.799999999999999489e-02,2.722600501233283718e-02,1.674455047390828177e-01
8.999999999999999667e-02,3.759524318515486407e-02,1.680451532988714025e-01
9.199999999999999845e-02,4.776110219417485647e-02,1.685549155058255200e-01
9.400000000000000022e-02,5.772602634851645154e-02,1.689772792492472697e-01
9.600000000000000200e-02,6.749247996036719655e-02,1.693146860478599858e-01
9.800000000000000377e-02,7.706290231211739006e-02,1.695695314971419343e-01
1.000000000000000056e-01,8.643975799609640576e-02,1.697441658488836325e-01
1.020000000000000073e-01,9.562546857586057270e-02,1.698408946091685967e-01
1.040000000000000091e-01,1.046224806367412469e-01,1.698619792026453135e-01
1.059999999999999970e-01,1.134332552798458654e-01,1.698096371791849024e-01
1.079999999999999988e-01,1.220602357456651160e-01,1.696860427396816029e-01
1.100000000000000006e-01,1.305058294573502309e-01,1.694933275535810691e-01
1.120000000000000023e-01,1.387724438371430724e-01,1.692335814056313004e-01
1.140000000000000041e-01,1.468624963854376353e-01,1.689088525715031208e-01
1.160000000000000059e-01,1.547783749365301831e-01,1.685211484434098739e-01
1.180000000000000077e-01,1.625225234867399560e-01,1.680724357388959922e-01
1.199999999999999956e-01,1.700972815463473176e-01,1.675646412459759205e-01
1.219999999999999973e-01,1.775049985119102336e-01,1.669996527690617572e-01
1.239999999999999991e-01,1.847480516967816566e-01,1.663793193191948072e-01
1.260000000000000009e-01,1.918287688160038307e-01,1.657054515959738850e-01
1.280000000000000027e-01,1.987495072655840744e-01,1.649798225300450616e-01
1.300000000000000044e-01,2.055125773655451793e-01,1.642041677781681530e-01
1.320000000000000062e-01,2.121202009443612924e-01,1.633801867801001895e-01
1.340000000000000080e-01,2.185747504876228431e-01,1.625095428533618047e-01
1.360000000000000098e-01,2.248783159086822636e-01,1.615938642503185196e-01
1.380000000000000115e-01,2.310333589246946484e-01,1.606347439602453520e-01
1.400000000000000133e-01,2.370419886503600526e-01,1.596337399759583664e-01
1.420000000000000151e-01,2.429064100335737442e-01,1.585923771059741527e-01
1.440000000000000169e-01,2.486288030779757463e-01,1.575121467354018978e-01
1.459999999999999909e-01,2.542113379668348161e-01,1.563945075223930614e-01
1.479999999999999927e-01,2.596561857138210971e-01,1.552408856657820080e-01
1.499999999999999944e-01,2.649654227741879975e-01,1.540526756559571497e-01
1.519999999999999962e-01,2.701411553471889104e-01,1.528312411321136322e-01
1.539999999999999980e-01,2.751854810695624209e-01,1.515779147666404536e-01
1.559999999999999998e-01,2.801004185932596258e-01,1.502939992376664258e-01
1.580000000000000016e-01,2.848880158051701472e-01,1.489807676894004396e-01
1.600000000000000033e-01,2.895503653282886503e-01,1.476394635546681156e-01
1.620000000000000051e-01,2.940892638100752188e-01,1.462713022623390036e-01
1.640000000000000069e-01,2.985069532098994505e-01,1.448774707356415836e-01
1.660000000000000087e-01,3.028051015250340927e-01,1.434591279686427689e-01
1.680000000000000104e-01,3.069857512536666722e-01,1.420174070644343867e-01
1.700000000000000122e-01,3.110508588387759232e-01,1.405534131008129295e-01
1.720000000000000140e-01,3.150021225887633669e-01,1.390682258076905708e-01
1.740000000000000158e-01,3.188416676840245545e-01,1.375628984735684790e-01
1.759999999999999898e-01,3.225710454935138971e-01,1.360384593610617643e-01
1.779999999999999916e-01,3.261920644490696186e-01,1.344959133895894110e-01
1.799999999999999933e-01,3.297068136311631092e-01,1.329362392973079676e-01
1.819999999999999951e-01,3.331166890025330507e-01,1.313603924261325939e-01
1.839999999999999969e-01,3.364237108936122822e-01,1.297693049635361695e-01
1.859999999999999987e-01,3.396293274359512560e-01,1.281638861974681298e-01
1.880000000000000004e-01,3.427353683047722477e-01,1.265450234817493413e-01
1.900000000000000022e-01,3.457435805284905794e-01,1.249135807412366239e-01
1.920000000000000040e-01,3.486554095830074473e-01,1.232704008878300062e-01
1.940000000000000058e-01,3.514726582775555275e-01,1.216163057624755073e-01
1.960000000000000075e-01,3.541967550397973064e-01,1.199520961385079909e-01
1.980000000000000093e-01,3.568294138798028259e-01,1.182785527180408580e-01
2.000000000000000111e-01,3.593721457927787077e-01,1.165964354663686642e-01
2.020000000000000129e-01,3.618264538563334409e-01,1.149064850677230798e-01
2.040000000000000147e-01,3.641938832513665347e-01,1.132094231079786156e-01
2.060000000000000164e-01,3.664759480243345857e-01,1.115059517485365859e-01
2.080000000000000182e-01,3.686740580874078299e-01,1.097967549673818932e-01
2.099999999999999922e-01,3.707896404521098255e-01,1.080824990232891886e-01
2.119999999999999940e-01,3.728242152231674988e-01,1.063638319245338859e-01
2.139999999999999958e-01,3.747791243236288095e-01,1.046413841182833870e-01
2.159999999999999976e-01,3.766557285675299904e-01,1.029157695825313884e-01
2.179999999999999993e-01,3.784553835679999589e-01,1.011875856886813724e-01
2.200000000000000011e-01,3.801796594319072353e-01,9.945741222181617158e-02
2.220000000000000029e-01,3.818295580442134241e-01,9.772581339058160343e-02
2.240000000000000047e-01,3.834064924952985121e-01,9.599333918357122464e-02
2.260000000000000064e-01,3.849119199811866232e-01,9.426052247143619500e-02
2.280000000000000082e-01,3.863468273028635158e-01,9.252788155590431496e-02
2.300000000000000100e-01,3.877126131491248628e-01,9.079592105796385759e-02
2.320000000000000118e-01,3.890106473826188682e-01,8.906512918809435242e-02
2.340000000000000135e-01,3.902418786569115672e-01,8.733598091770443383e-02
2.360000000000000153e-01,3.914077168918759786e-01,8.560893758760151906e-02
2.380000000000000171e-01,3.925091265359495485e-01,8.388444692031235550e-02
2.399999999999999911e-01,3.935474609237963328e-01,8.216294359755156596e-02
2.419999999999999929e-01,3.945238234564912849e-01,8.044484825130975014e-02
2.439999999999999947e-01,3.954393139062360452e-01,7.873056926140396816e-02
2.459999999999999964e-01,3.962949791225212626e-01,7.702050303847096657e-02
2.479999999999999982e-01,3.970919114857281995e-01,7.531503423355907778e-02
2.500000000000000000e-01,3.978312734236280068e-01,7.361453496536060626e-02
2.520000000000000018e-01,3.985142237861123427e-01,7.191936465354105412e-02
2.540000000000000036e-01,3.991415739055134138e-01,7.022987203640557174e-02
2.560000000000000053e-01,3.997144269901660718e-01,6.854639571578204083e-02
2.580000000000000071e-01,4.002338584016321144e-01,6.686926243972504680e-02
2.600000000000000089e-01,4.007008171358773518e-01,6.519878820910446349e-02
2.620000000000000107e-01,4.011164455449816590e-01,6.353527795531263567e-02
2.640000000000000124e-01,4.014814410572210002e-01,6.187902699513244537e-02
2.660000000000000142e-01,4.017968666330414274e-01,6.023032157716935037e-02
2.680000000000000160e-01,4.020637820927392969e-01,5.858943681961531480e-02
2.700000000000000178e-01,4.022828757975989156e-01,5.695663896477743543e-02
2.720000000000000195e-01,4.024553742733341655e-01,5.533218449393072919e-02
2.740000000000000213e-01,4.025819110774749854e-01,5.371632031210156477e-02
2.760000000000000231e-01,4.026634369595569751e-01,5.210928564400697099e-02
2.780000000000000249e-01,4.027009000584866882e-01,5.051131003612421150e-02
2.800000000000000266e-01,4.026951965377006393e-01,4.892261390202240490e-02
2.820000000000000284e-01,4.026469989599781307e-01,4.734340979968441887e-02
2.840000000000000302e-01,4.025572478462873804e-01,4.577390285912785045e-02
2.860000000000000320e-01,4.024268817243483731e-01,4.421428879174776894e-02
2.880000000000000338e-01,4.022564426585860664e-01,4.266475625081448536e-02
2.899999999999999800e-01,4.020469384461082263e-01,4.112548651158220991e-02
2.919999999999999818e-01,4.017990298130009186e-01,3.959665308760507846e-02
2.939999999999999836e-01,4.015135232041684987e-01,3.807842253280922795e-02
2.959999999999999853e-01,4.011913460718505853e-01,3.657095324119956359e-02
2.979999999999999871e-01,4.008329804531930440e-01,3.507439714777862982e-02
2.999999999999999889e-01,4.004393499899168707e-01,3.358889984002331325e-02
3.019999999999999907e-01,4.000110559129319010e-01,3.211460006691300995e-02
3.039999999999999925e-01,3.995490425356355568e-01,3.065162922127826275e-02
3.059999999999999942e-01,3.990537843466496204e-01,2.920011266319092261e-02
3.079999999999999960e-01,3.985261481227855285e-01,2.776016968737118895e-02
3.099999999999999978e-01,3.979666049293747454e-01,2.633191391782738894e-02
3.119999999999999996e-01,3.973761166796969668e-01,2.491545255141203175e-02
3.140000000000000013e-01,3.967550772698894002e-01,2.351088693542671346e-02
3.160000000000000031e-01,3.961042481833204620e-01,2.211831392649456565e-02
3.180000000000000049e-01,3.954244143957912350e-01,2.073782311876101736e-02
3.200000000000000067e-01,3.947159156985056705e-01,1.936949996295585577e-02
3.220000000000000084e-01,3.939797804606889331e-01,1.801342377670580100e-02
3.240000000000000102e-01,3.932162963048256854e-01,1.666966853954760311e-02
3.260000000000000120e-01,3.924262178492110564e-01,1.533830419768754567e-02
3.280000000000000138e-01,3.916099781482109687e-01,1.401939589200029528e-02
3.300000000000000155e-01,3.907684278285231683e-01,1.271300367893002034e-02
3.320000000000000173e-01,3.899019971714773325e-01,1.141918201335198092e-02
3.340000000000000191e-01,3.890113127426123585e-01,1.013798163473002278e-02
3.360000000000000209e-01,3.880969012959967213e-01,8.869448645943987797e-03
3.380000000000000226e-01,3.871594116980887623e-01,7.613624509863996768e-03
3.400000000000000244e-01,3.861991223566463849e-01,6.370547568093224214e-03
3.420000000000000262e-01,3.852169511590978201e-01,5.140251451181022425e-03
3.440000000000000280e-01,3.842130759859778699e-01,3.922765598451535655e-03
3.460000000000000298e-01,3.831883390697944924e-01,2.718115669316080105e-03
3.480000000000000315e-01,3.821430148899189749e-01,1.526323316416184055e-03
3.500000000000000333e-01,3.810777963250421285e-01,3.474065113204009240e-04
3.519999999999999796e-01,3.799929810134592967e-01,-8.186200506440808808e-04
3.539999999999999813e-01,3.788892847032287459e-01,-1.971745424797779860e-03
3.559999999999999831e-01,3.777670284775007103e-01,-3.111962312284512720e-03
3.579999999999999849e-01,3.766267788806365036e-01,-4.239266460994171003e-03
3.599999999999999867e-01,3.754688803165461830e-01,-5.353656472861788827e-03
3.619999999999999885e-01,3.742939228203503443e-01,-6.455134314528529482e-03
3.639999999999999902e-01,3.731024467222874841e-01,-7.543706152061925400e-03
3.659999999999999920e-01,3.718946961142558516e-01,-8.619380367578526048e-03
3.679999999999999938e-01,3.706712596672787630e-01,-9.682167987625497213e-03
3.699999999999999956e-01,3.694325037923122945e-01,-1.073208330095626675e-02
3.719999999999999973e-01,3.681787456086217381e-01,-1.176914236814746717e-02
3.739999999999999991e-01,3.669107447736748018e-01,-1.279336501441336038e-02
3.760000000000000009e-01,3.656285216591244613e-01,-1.380477358435643585e-02
3.780000000000000027e-01,3.643328604949996330e-01,-1.480339272372873695e-02
3.800000000000000044e-01,3.630238057333563528e-01,-1.578924962329780052e-02
3.820000000000000062e-01,3.617019686611207541e-01,-1.676237302360589904e-02
3.840000000000000080e-01,3.603677136774525169e-01,-1.772279505570442323e-02
3.860000000000000098e-01,3.590215035885445660e-01,-1.867055046739468996e-02
3.880000000000000115e-01,3.576634316675200709e-01,-1.960567495856749276e-02
3.900000000000000133e-01,3.562941824046231831e-01,-2.052820645107733544e-02
3.920000000000000151e-01,3.549139472734445522e-01,-2.143818577585975341e-02
3.940000000000000169e-01,3.535232138531139157e-01,-2.233565547331964329e-02
3.960000000000000187e-01,3.521221981807835522e-01,-2.322065992963363162e-02
3.980000000000000204e-01,3.507113632706983508e-01,-2.409324520968017178e-02
4.000000000000000222e-01,3.492909990028862932e-01,-2.495345962896616115e-02
4.020000000000000240e-01,3.478614451493308724e-01,-2.580135290820276608e-02
4.040000000000000258e-01,3.464229677055893353e-01,-2.663697604754716730e-02
4.060000000000000275e-01,3.449761282099141346e-01,-2.746038270056987141e-02
4.080000000000000293e-01,3.435208972759737356e-01,-2.827162746073999186e-02
4.100000000000000311e-01,3.420579354733045974e-01,-2.907076634257260012e-02
4.120000000000000329e-01,3.405872384483292770e-01,-2.985785705612705940e-02
4.140000000000000346e-01,3.391093439001515719e-01,-3.063295818116237856e-02
4.160000000000000364e-01,3.376245684396766977e-01,-3.139613121295794368e-02
4.179999999999999827e-01,3.361331547170386402e-01,-3.214743873242742467e-02
4.199999999999999845e-01,3.346351243657788577e-01,-3.288694262804697788e-02
4.219999999999999862e-01,3.331311885275233253e-01,-3.361470700360585234e-02
4.239999999999999880e-01,3.316213945644162497e-01,-3.433079824824090270e-02
4.259999999999999898e-01,3.301060352590282632e-01,-3.503528265244828382e-02
4.279999999999999916e-01,3.285853801803867991e-01,-3.572822761821539683e-02
4.299999999999999933e-01,3.270598222365980745e-01,-3.640970237741866095e-02
4.319999999999999951e-01,3.255294835533656950e-01,-3.707977704743609798e-02
4.339999999999999969e-01,3.239947088961468435e-01,-3.773852246854449838e-02
4.359999999999999987e-01,3.224557442613026903e-01,-3.838601079817727940e-02
4.380000000000000004e-01,3.209127383904764597e-01,-3.902231448788087698e-02
4.400000000000000022e-01,3.193660370343264221e-01,-3.964750680250739984e-02
4.420000000000000040e-01,3.178157653346420086e-01,-4.026166183513796987e-02
4.440000000000000058e-01,3.162623438773615181e-01,-4.086485472118776135e-02
4.460000000000000075e-01,3.147058989484258218e-01,-4.145716186935056308e-02
4.480000000000000093e-01,3.131465816023370485e-01,-4.203865930775775583e-02
4.500000000000000111e-01,3.115848636129017191e-01,-4.260942473268922170e-02
4.520000000000000129e-01,3.100206266058144200e-01,-4.316953602258376266e-02
4.540000000000000147e-01,3.084543926515160295e-01,-4.371907129514849416e-02
4.560000000000000164e-01,3.068861186672585117e-01,-4.425810966875689395e-02
4.580000000000000182e-01,3.053162052572998553e-01,-4.478673039873120459e-02
4.600000000000000200e-01,3.037448318644661582e-01,-4.530501423252263765e-02
4.620000000000000218e-01,3.021720558154795677e-01,-4.581304135626139418e-02
4.640000000000000235e-01,3.005982055162949029e-01,-4.631089242689345742e-02
4.660000000000000253e-01,2.990234380767542999e-01,-4.679864901157301804e-02
4.680000000000000271e-01,2.974479605545925498e-01,-4.727639296206283953e-02
4.700000000000000289e-01,2.958719805740145370e-01,-4.774420673863809944e-02
4.720000000000000306e-01,2.942956569581115511e-01,-4.820217312013586747e-02
4.740000000000000324e-01,2.927190515803294590e-01,-4.865037436853386632e-02
4.760000000000000342e-01,2.911424972888356222e-01,-4.908889322489747020e-02
4.780000000000000360e-01,2.895661307564253439e-01,-4.951781346099481951e-02
4.799999999999999822e-01,2.879900159861369935e-01,-4.993721819092342834e-02
4.819999999999999840e-01,2.864144633426697339e-01,-5.034719104299177628e-02
4.839999999999999858e-01,2.848396121242817713e-01,-5.074781646789400247e-02
4.859999999999999876e-01,2.832655037547561205e-01,-5.113917831493336452e-02
4.879999999999999893e-01,2.816925493616040943e-01,-5.152136135152207697e-02
4.899999999999999911e-01,2.801206195823002232e-01,-5.189445031939489417e-02
4.919999999999999929e-01,2.785499555210551037e-01,-5.225852890972477321e-02
4.939999999999999947e-01,2.769805647188900433e-01,-5.261368061336769986e-02
4.959999999999999964e-01,2.754130095019812208e-01,-5.295999062903029159e-02
4.979999999999999982e-01,2.738469792315689211e-01,-5.329754400784574714e-02
5.000000000000000000e-01,2.722829270381472710e-01,-5.362642499203774948e-02
5.020000000000000018e-01,2.707207531874178952e-01,-5.394671831082949176e-02
5.040000000000000036e-01,2.691608141242864405e-01,-5.425850862493546145e-02
5.060000000000000053e-01,2.676030239370921771e-01,-5.456188055882513210e-02
5.080000000000000071e-01,2.660477285772437361e-01,-5.485691877833631658e-02
5.100000000000000089e-01,2.644947084778601076e-01,-5.514370708872502747e-02
5.120000000000000107e-01,2.629445079175441458e-01,-5.542232968116102970e-02
5.140000000000000124e-01,2.613969216091347469e-01,-5.569287126213628286e-02
5.160000000000000142e-01,2.598521877812025038e-01,-5.595541520345061193e-02
5.180000000000000160e-01,2.583103241222429181e-01,-5.621004488938088905e-02
5.200000000000000178e-01,2.567716448102617122e-01,-5.645684419616832372e-02
5.220000000000000195e-01,2.552362057477683410e-01,-5.669589774413463790e-02
5.240000000000000213e-01,2.537040028609567344e-01,-5.692728901271446040e-02
5.260000000000000231e-01,2.521751558301374985e-01,-5.715110071186181584e-02
5.280000000000000249e-01,2.506497235752058184e-01,-5.736741520535874883e-02
5.300000000000000266e-01,2.491280363227949268e-01,-5.757631576566703269e-02
5.320000000000000284e-01,2.476098226417917103e-01,-5.777788461968238337e-02
5.340000000000000302e-01,2.460954273004255510e-01,-5.797220306998629447e-02
5.360000000000000320e-01,2.445850473643311762e-01,-5.815935426068087610e-02
5.380000000000000338e-01,2.430786479881543727e-01,-5.833942097846830238e-02
5.400000000000000355e-01,2.415759731759915541e-01,-5.851248293223871438e-02
5.420000000000000373e-01,2.400776293862013078e-01,-5.867862060398793683e-02
5.440000000000000391e-01,2.385834976854720457e-01,-5.883791607946872032e-02
5.460000000000000409e-01,2.370936324977843679e-01,-5.899044979043536335e-02
5.480000000000000426e-01,2.356081627252666622e-01,-5.913630197404480537e-02
5.500000000000000444e-01,2.341271073586270457e-01,-5.927555249998572168e-02
5.520000000000000462e-01,2.326504376104021055e-01,-5.940827993779547456e-02
5.540000000000000480e-01,2.311785304816945108e-01,-5.953456370438307138e-02
5.560000000000000497e-01,2.297111372470805879e-01,-5.965448277692877305e-02
5.580000000000000515e-01,2.282485141292455166e-01,-5.976811497928818245e-02
5.600000000000000533e-01,2.267906473678150681e-01,-5.987553839535969535e-02
5.620000000000000551e-01,2.253377950026166920e-01,-5.997683140021186493e-02
5.640000000000000568e-01,2.238897357882799755e-01,-6.007207144182078601e-02
5.660000000000000586e-01,2.224466064824872913e-01,-6.016133432628285871e-02
5.680000000000000604e-01,2.210086306326256855e-01,-6.024469687783929467e-02
5.700000000000000622e-01,2.195755896454287259e-01,-6.032223484265356733e-02
5.720000000000000639e-01,2.181478068106416923e-01,-6.039402350718779677e-02
5.740000000000000657e-01,2.167251762327604692e-01,-6.046013836031326194e-02
5.760000000000000675e-01,2.153079118796308034e-01,-6.052065447493759631e-02
5.779999999999999583e-01,2.138958235759008120e-01,-6.057564601192805959e-02
5.799999999999999600e-01,2.124891270681453226e-01,-6.062518625553960788e-02
5.819999999999999618e-01,2.110878546659963606e-01,-6.066934893533284384e-02
5.839999999999999636e-01,2.096920274411044616e-01,-6.070820709353277889e-02
5.859999999999999654e-01,2.083016545595121893e-01,-6.074183295521050352e-02
5.879999999999999671e-01,2.069168936168797046e-01,-6.077029875360891870e-02
5.899999999999999689e-01,2.055376698162595106e-01,-6.079367625087317428e-02
5.919999999999999707e-01,2.041639701107272054e-01,-6.081203573097591214e-02
5.939999999999999725e-01,2.027959915489123410e-01,-6.082544762927119542e-02
5.959999999999999742e-01,2.014337350824162431e-01,-6.083398263086618740e-02
5.979999999999999760e-01,2.000771653003583783e-01,-6.083771030178395517e-02
5.999999999999999778e-01,1.987264078787527866e-01,-6.083669984364654948e-02
6.019999999999999796e-01,1.973813430470008623e-01,-6.083101960374911327e-02
6.039999999999999813e-01,1.960421592417505576e-01,-6.082073746150212096e-02
6.059999999999999831e-01,1.947087873984672812e-01,-6.080592114529174280e-02
6.079999999999999849e-01,1.933813562516601969e-01,-6.078663788406259844e-02
6.099999999999999867e-01,1.920598225495299960e-01,-6.076295458293345941e-02
6.119999999999999885e-01,1.907442183088784160e-01,-6.073493725315579767e-02
6.139999999999999902e-01,1.894345877071189899e-01,-6.070265154131483654e-02
6.159999999999999920e-01,1.881310499253237845e-01,-6.066616327514357671e-02
6.179999999999999938e-01,1.868333438678204117e-01,-6.062553664015276483e-02
6.199999999999999956e-01,1.855417496997480153e-01,-6.058083516670323410e-02
6.219999999999999973e-01,1.842561184648050798e-01,-6.053212239386179111e-02
6.239999999999999991e-01,1.829767439171134102e-01,-6.047946197650995448e-02
6.260000000000000009e-01,1.817033430140560235e-01,-6.042291689030614837e-02
6.280000000000000027e-01,1.804359534807490340e-01,-6.036254791988232560e-02
6.300000000000000044e-01,1.791748833640431637e-01,-6.029841719763637947e-02
6.320000000000000062e-01,1.779197411524140182e-01,-6.023058565020964622e-02
6.340000000000000080e-01,1.766709720818245011e-01,-6.015911382788326905e-02
6.360000000000000098e-01,1.754282470838356700e-01,-6.008406229010592597e-02
6.380000000000000115e-01,1.741917055007408954e-01,-6.000548979766213986e-02
6.400000000000000133e-01,1.729613269477423276e-01,-5.992345515678698664e-02
6.420000000000000151e-01,1.717371907251442065e-01,-5.983801688164185062e-02
6.440000000000000169e-01,1.705192899982937160e-01,-5.974923327661094130e-02
6.460000000000000187e-01,1.693075821281319615e-01,-5.965716171824139713e-02
6.480000000000000204e-01,1.681020618994193139e-01,-5.956185869214621759e-02
6.500000000000000222e-01,1.669028232456168381e-01,-5.946338059624565325e-02
6.520000000000000240e-01,1.657098498347716609e-01,-5.936178369923168080e-02
6.540000000000000258e-01,1.645231505867910116e-01,-5.925712364471664995e-02
6.560000000000000275e-01,1.633425631653855903e-01,-5.914945459033765091e-02
6.580000000000000293e-01,1.621683067670292022e-01,-5.903883045653553902e-02
6.600000000000000311e-01,1.610004044693666980e-01,-5.892530605926563775e-02
6.620000000000000329e-01,1.598385601280025992e-01,-5.880893405365000132e-02
6.640000000000000346e-01,1.586831798417450146e-01,-5.868976719962965688e-02
6.660000000000000364e-01,1.575340052016553916e-01,-5.856785862599873937e-02
6.680000000000000382e-01,1.563909145994021865e-01,-5.844325868337623547e-02
6.700000000000000400e-01,1.552542166913751798e-01,-5.831601832321630513e-02
6.720000000000000417e-01,1.541239260099674935e-01,-5.818618994795532462e-02
6.740000000000000435e-01,1.529996516145499807e-01,-5.805382319695995968e-02
6.760000000000000453e-01,1.518817904341128178e-01,-5.791896729561436807e-02
6.780000000000000471e-01,1.507701493162662831e-01,-5.778167222668331715e-02
6.800000000000000488e-01,1.496645977289403906e-01,-5.764198555397307550e-02
6.820000000000000506e-01,1.485654969480198762e-01,-5.749995580049703514e-02
6.840000000000000524e-01,1.474724220232914718e-01,-5.735563066170029645e-02
6.860000000000000542e-01,1.463858095578297047e-01,-5.720905745950779359e-02
6.880000000000000560e-01,1.453051864143827254e-01,-5.706028289442051371e-02
6.900000000000000577e-01,1.442309656174139698e-01,-5.690935289214871240e-02
6.920000000000000595e-01,1.431629825293690705e-01,-5.675631444244675500e-02
6.940000000000000613e-01,1.421010729815788132e-01,-5.660121219129647663e-02
6.960000000000000631e-01,1.410453688494618385e-01,-5.644409021113437619e-02
6.980000000000000648e-01,1.399957807258859488e-01,-5.628499244240111471e-02
7.000000000000000666e-01,1.389525520255454893e-01,-5.612396338139886975e-02
7.020000000000000684e-01,1.379152932672807752e-01,-5.596104628166832101e-02
7.039999999999999591e-01,1.368842854964490152e-01,-5.579628340748046117e-02
7.059999999999999609e-01,1.358594171803515493e-01,-5.562971767981956389e-02
7.079999999999999627e-01,1.348407122656506696e-01,-5.546139115235837469e-02
7.099999999999999645e-01,1.338280350583942180e-01,-5.529134491528349404e-02
7.119999999999999662e-01,1.328215395850534108e-01,-5.511961980773779496e-02
7.139999999999999680e-01,1.318210300517120293e-01,-5.494625613310587242e-02
7.159999999999999698e-01,1.308266675958787706e-01,-5.477129366658325255e-02
7.179999999999999716e-01,1.298384290669015451e-01,-5.459477272093449934e-02
7.199999999999999734e-01,1.288561814233342429e-01,-5.441673237022372212e-02
7.219999999999999751e-01,1.278799150701814269e-01,-5.423721057344222524e-02
7.239999999999999769e-01,1.269097991139592208e-01,-5.405624594752211215e-02
7.259999999999999787e-01,1.259455108329134154e-01,-5.387387592729277197e-02
7.279999999999999805e-01,1.249872821334543638e-01,-5.369013715394466146e-02
7.299999999999999822e-01,1.240351846453055795e-01,-5.350506780632836856e-02
7.319999999999999840e-01,1.230887374035766202e-01,-5.331870338980896490e-02
7.339999999999999858e-01,1.221484993002746877e-01,-5.313107962271135243e-02
7.359999999999999876e-01,1.212139899416596334e-01,-5.294223246803781563e-02
7.379999999999999893e-01,1.202855167502868139e-01,-5.275219660521193038e-02
7.399999999999999911e-01,1.193629447154541806e-01,-5.256100755106794115e-02
7.419999999999999929e-01,1.184461822235579886e-01,-5.236869921488286617e-02
7.439999999999999947e-01,1.175352365972275465e-01,-5.217530483918040446e-02
7.459999999999999964e-01,1.166301401030464674e-01,-5.198085768635790638e-02
7.479999999999999982e-01,1.157308392465166563e-01,-5.178539068087253255e-02
7.500000000000000000e-01,1.148374038568678313e-01,-5.158893665538310386e-02
7.520000000000000018e-01,1.139496765735005385e-01,-5.139152775991472077e-02
7.540000000000000036e-01,1.130677589062901583e-01,-5.119319560129388658e-02
7.560000000000000053e-01,1.121914944511924056e-01,-5.099397131915191922e-02
7.580000000000000071e-01,1.113209791993223646e-01,-5.079388550009380360e-02
7.600000000000000089e-01,1.104562170959812600e-01,-5.059296918008505256e-02
7.620000000000000107e-01,1.095970405361094135e-01,-5.039125226947373248e-02
7.640000000000000124e-01,1.087435957784374796e-01,-5.018876439351085961e-02
7.660000000000000142e-01,1.078957095160237439e-01,-4.998553487462851358e-02
7.680000000000000160e-01,1.070534242682253112e-01,-4.978159211825276126e-02
7.700000000000000178e-01,1.062168074314994853e-01,-4.957696504900277468e-02
7.720000000000000195e-01,1.053856806615829644e-01,-4.937168179101340121e-02
7.740000000000000213e-01,1.045601426209603613e-01,-4.916576990504120670e-02
7.760000000000000231e-01,1.037400218929158680e-01,-4.895925637253008278e-02
7.780000000000000249e-01,1.029255716593086012e-01,-4.875216856765943879e-02
7.800000000000000266e-01,1.021165164293194455e-01,-4.854453360435170839e-02
7.820000000000000284e-01,1.013129501399182703e-01,-4.833637742169855089e-02
7.840000000000000302e-01,1.005147270807708465e-01,-4.812772556935066004e-02
7.860000000000000320e-01,9.972196039223731046e-02,-4.791860328784719458e-02
7.880000000000000338e-01,9.893455418452576366e-02,-4.770903585654392293e-02
7.900000000000000355e-01,9.815252973609472908e-02,-4.749904801481245886e-02
7.920000000000000373e-01,9.737582878841592737e-02,-4.728866419444436447e-02
7.940000000000000391e-01,9.660452866080611323e-02,-4.707790888274258206e-02
7.960000000000000409e-01,9.583842377607554308e-02,-4.686680571836276260e-02
7.980000000000000426e-01,9.507764137214179401e-02,-4.665537782848862974e-02
8.000000000000000444e-01,9.432216095863930894e-02,-4.644364890268729007e-02
8.020000000000000462e-01,9.357178427331995507e-02,-4.623164126588662909e-02
8.040000000000000480e-01,9.282665155550455516e-02,-4.601937686032859381e-02
8.060000000000000497e-01,9.208663258688491726e-02,-4.580687764219600749e-02
8.080000000000000515e-01,9.135184976165917903e-02,-4.559416545300792878e-02
8.100000000000000533e-01,9.062223461840422656e-02,-4.538126244389618924e-02
8.120000000000000551e-01,8.989755339517162269e-02,-4.516818891626675492e-02
8.140000000000000568e-01,8.917806449551068937e-02,-4.495496529712642020e-02
8.160000000000000586e-01,8.846371880829151380e-02,-4.474161322109984629e-02
8.180000000000000604e-01,8.775415998479484114e-02,-4.452815189143722457e-02
8.200000000000000622e-01,8.704986898290992259e-02,-4.431460123051672584e-02
8.220000000000000639e-01,8.635039131551561220e-02,-4.410098130276047385e-02
8.240000000000000657e-01,8.565586976095286575e-02,-4.388731031381926800e-02
8.260000000000000675e-01,8.496626279037845786e-02,-4.367360703581613796e-02
8.280000000000000693e-01,8.428160290442830715e-02,-4.345989020121897306e-02
8.300000000000000711e-01,8.360182429190046727e-02,-4.324617835115875802e-02
8.320000000000000728e-01,8.292689227814944997e-02,-4.303248942282072997e-02
8.339999999999999636e-01,8.225683363868334375e-02,-4.281884129036885728e-02
8.359999999999999654e-01,8.159149734774756579e-02,-4.260525112169679524e-02
8.379999999999999671e-01,8.093095394526730879e-02,-4.239173560341916169e-02
8.399999999999999689e-01,8.027524317530339293e-02,-4.217831210191637370e-02
8.419999999999999707e-01,7.962425158189573304e-02,-4.196499754821706590e-02
8.439999999999999725e-01,7.897788999807581201e-02,-4.175180770622519133e-02
8.459999999999999742e-01,7.833624854551124450e-02,-4.153875835808581996e-02
8.479999999999999760e-01,7.769924478033522763e-02,-4.132586535823668666e-02
8.499999999999999778e-01,7.706690119209576306e-02,-4.111314424082726515e-02
8.519999999999999796e-01,7.643916048513269001e-02,-4.090061035965135428e-02
8.539999999999999813e-01,7.581600240241900823e-02,-4.068827864191904009e-02
8.559999999999999831e-01,7.519736387563435986e-02,-4.047616355641465991e-02
8.579999999999999849e-01,7.458322505521043644e-02,-4.026427911292757705e-02
8.599999999999999867e-01,7.397365258162595658e-02,-4.005263965868528786e-02
8.619999999999999885e-01,7.336851003691975681e-02,-3.984125916887105295e-02
8.639999999999999902e-01,7.276790730618737379e-02,-3.963015149682198174e-02
8.659999999999999920e-01,7.217164674185590212e-02,-3.941933002913373951e-02
8.679999999999999938e-01,7.157984499797739875e-02,-3.920880773451500961e-02
8.699999999999999956e-01,7.099239070114146677e-02,-3.899859765744517759e-02
8.719999999999999973e-01,7.040929006974276649e-02,-3.878871228868045751e-02
8.739999999999999991e-01,6.983057992245088330e-02,-3.857916440980504319e-02
8.760000000000000009e-01,6.925605124446158889e-02,-3.836996586818543220e-02
8.780000000000000027e-01,6.868589509154360284e-02,-3.816112845015239702e-02
8.800000000000000044e-01,6.811994881177660388e-02,-3.795266421187393213e-02
8.820000000000000062e-01,6.755822536378817966e-02,-3.774458433872505264e-02
8.840000000000000080e-01,6.700079942138362221e-02,-3.753690064965708312e-02
8.860000000000000098e-01,6.644739495137999552e-02,-3.732962382627137699e-02
8.880000000000000115e-01,6.589829618278961187e-02,-3.712276466803755143e-02
8.900000000000000133e-01,6.535327027001330835e-02,-3.691633436212737179e-02
8.920000000000000151e-01,6.481233107862678644e-02,-3.671034288235742321e-02
8.940000000000000169e-01,6.427546762891372945e-02,-3.650480028913470620e-02
8.960000000000000187e-01,6.374271854278613925e-02,-3.629971690748159951e-02
8.980000000000000204e-01,6.321396544807690587e-02,-3.609510266172615001e-02
9.000000000000000222e-01,6.268920727236301782e-02,-3.589096685147299265e-02
9.020000000000000240e-01,6.216843972839626586e-02,-3.568731883893853235e-02
9.040000000000000258e-01,6.165166203814530232e-02,-3.548416805309505262e-02
9.060000000000000275e-01,6.113871925193043594e-02,-3.528152307304386476e-02
9.080000000000000293e-01,6.062981100394971429e-02,-3.507939285648899175e-02
9.100000000000000311e-01,6.012473341142560157e-02,-3.487778641350953307e-02
9.120000000000000329e-01,5.962352289447900994e-02,-3.467671187100095087e-02
9.140000000000000346e-01,5.912614534989937137e-02,-3.447617746503692238e-02
9.160000000000000364e-01,5.863258514945144523e-02,-3.427619123885841668e-02
9.180000000000000382e-01,5.814283601254647410e-02,-3.407676120604160447e-02
9.200000000000000400e-01,5.765679611521720704e-02,-3.387789483395850509e-02
9.220000000000000417e-01,5.717447810976761247e-02,-3.367959917285751059e-02
9.240000000000000435e-01,5.669599914822048836e-02,-3.348188214271426155e-02
9.260000000000000453e-01,5.622111307449756401e-02,-3.328475102047825929e-02
9.280000000000000471e-01,5.574996810232810823e-02,-3.308821260640315565e-02
9.300000000000000488e-01,5.528246628872652418e-02,-3.289227409404407027e-02
9.320000000000000506e-01,5.481850034502505631e-02,-3.269694157819004465e-02
9.340000000000000524e-01,5.435824646420637368e-02,-3.250222169130436572e-02
9.360000000000000542e-01,5.390146846267366426e-02,-3.230812078929166942e-02
9.380000000000000560e-01,5.344833951766059243e-02,-3.211464500503881381e-02
9.400000000000000577e-01,5.299866961936368359e-02,-3.192180047146300076e-02
9.420000000000000595e-01,5.255249993591541019e-02,-3.172959255438656534e-02
9.440000000000000613e-01,5.210990851229983095e-02,-3.153802744610385844e-02
9.460000000000000631e-01,5.167068713916689315e-02,-3.134711069123566340e-02
9.480000000000000648e-01,5.123495102750173086e-02,-3.115684739464164715e-02
9.500000000000000666e-01,5.080264613971419846e-02,-3.096724315511431916e-02
9.520000000000000684e-01,5.037368152664026266e-02,-3.077830282776513465e-02
9.540000000000000702e-01,4.994812336632244859e-02,-3.059003123234980623e-02
9.560000000000000719e-01,4.952592701109560791e-02,-3.040243346491244142e-02
9.580000000000000737e-01,4.910700183015786341e-02,-3.021551392556551599e-02
9.599999999999999645e-01,4.869144187144983094e-02,-3.002927717557576232e-02
9.619999999999999662e-01,4.827916890958735413e-02,-2.984372799464617143e-02
9.639999999999999680e-01,4.787006771421142837e-02,-2.965887012830563038e-02
9.659999999999999698e-01,4.746432508348037010e-02,-2.947470787444966822e-02
9.679999999999999716e-01,4.706170889470914775e-02,-2.929124542140273610e-02
9.699999999999999734e-01,4.666233207850735420e-02,-2.910848633851801509e-02
9.719999999999999751e-01,4.626613519703747651e-02,-2.892643467692946127e-02
9.739999999999999769e-01,4.587300960187151028e-02,-2.874509360829637095e-02
9.759999999999999787e-01,4.548312377157850278e-02,-2.856446678547873777e-02
9.779999999999999805e-01,4.509623973826942800e-02,-2.838455759509607088e-02
9.799999999999999822e-01,4.471250468457762389e-02,-2.820536900839675301e-02
9.819999999999999840e-01,4.433181318042109242e-02,-2.802690439189914687e-02
9.839999999999999858e-01,4.395418004220504743e-02,-2.784916668827151776e-02
9.859999999999999876e-01,4.357957075687583087e-02,-2.767215887609725256e-02
9.879999999999999893e-01,4.320795403713138805e-02,-2.749588366223372493e-02
9.899999999999999911e-01,4.283933562555638369e-02,-2.732034375166143142e-02
9.919999999999999929e-01,4.247368110184564921e-02,-2.714554182013675931e-02
9.939999999999999947e-01,4.211095321238041839e-02,-2.697148024417380177e-02
9.959999999999999964e-01,4.175110541495512945e-02,-2.679816104592448039e-02
9.979999999999999982e-01,4.139422060915252249e-02,-2.662558660446297937e-02
1.000000000000000000e+00,4.104014443111518584e-02,-2.645375900273219671e-02
1.002000000000000002e+00,4.068895379577957411e-02,-2.628268000444099195e-02
1.004000000000000004e+00,4.034058996200866332e-02,-2.611235162676722038e-02
1.006000000000000005e+00,3.999507739612282592e-02,-2.594277583911882429e-02
1.008000000000000007e+00,3.965239137131463393e-02,-2.577395471043852221e-02
1.010000000000000009e+00,3.931236861993072512e-02,-2.560588936601564461e-02
1.012000000000000011e+00,3.897524315588105775e-02,-2.543858148408530834e-02
1.014000000000000012e+00,3.864078087728236438e-02,-2.527203287357478872e-02
1.016000000000000014e+00,3.830901582128245358e-02,-2.510624430636787183e-02
1.018000000000000016e+00,3.798001268165642624e-02,-2.494121727923413398e-02
1.020000000000000018e+00,3.765357753690847659e-02,-2.477695265807105390e-02
1.022000000000000020e+00,3.732996916627194517e-02,-2.461345185656814080e-02
1.024000000000000021e+00,3.700888285672912503e-02,-2.445071613685324829e-02
1.026000000000000023e+00,3.669038354151676895e-02,-2.428874548382982737e-02
1.028000000000000025e+00,3.637457609910517420e-02,-2.412754104140591924e-02
1.030000000000000027e+00,3.606134675376421878e-02,-2.396710403021374766e-02
1.032000000000000028e+00,3.575072044218860490e-02,-2.380743529762213359e-02
1.034000000000000030e+00,3.544256192254569698e-02,-2.364853517937140145e-02
1.036000000000000032e+00,3.513693001213336053e-02,-2.349040368813387625e-02
1.038000000000000034e+00,3.483379425002835345e-02,-2.333304115393496775e-02
1.040000000000000036e+00,3.453319353144262971e-02,-2.317644810767822278e-02
1.042000000000000037e+00,3.423502804668256128e-02,-2.302062486122052540e-02
1.044000000000000039e+00,3.393936903074359218e-02,-2.286557169326077985e-02
1.046000000000000041e+00,3.364615686512967274e-02,-2.271128909151036088e-02
1.048000000000000043e+00,3.335523177167926817e-02,-2.255777640266729694e-02
1.050000000000000044e+00,3.306682220102034886e-02,-2.240503350082658982e-02
1.052000000000000046e+00,3.278083296755269355e-02,-2.225306121552689947e-02
1.054000000000000048e+00,3.249715984976656730e-02,-2.210185932415179369e-02
1.056000000000000050e+00,3.221579873873119809e-02,-2.195142710676068615e-02
1.058000000000000052e+00,3.193673166734148361e-02,-2.180176384662073363e-02
1.060000000000000053e+00,3.166005305598917213e-02,-2.165286943609870049e-02
1.062000000000000055e+00,3.138568640158271444e-02,-2.150474401786057338e-02
1.064000000000000057e+00,3.111350440104556497e-02,-2.135738665795412772e-02
1.066000000000000059e+00,3.084369239194787241e-02,-2.121079693206831540e-02
1.068000000000000060e+00,3.057603525910538092e-02,-2.106497434794665086e-02
1.070000000000000062e+00,3.031060597614262248e-02,-2.091991775052802482e-02
1.072000000000000064e+00,3.004738046678837385e-02,-2.077562637889271424e-02
1.074000000000000066e+00,2.978643934145476166e-02,-2.063209998371748344e-02
1.076000000000000068e+00,2.952756290419835186e-02,-2.048933761687809010e-02
1.078000000000000069e+00,2.927091510342129388e-02,-2.034733812967453107e-02
1.080000000000000071e+00,2.901640397785465800e-02,-2.020610097036606642e-02
1.082000000000000073e+00,2.876404234965021164e-02,-2.006562523997381178e-02
1.084000000000000075e+00,2.851375235144564327e-02,-1.992590979438743984e-02
1.086000000000000076e+00,2.826556536385145188e-02,-1.978695337223867687e-02
1.088000000000000078e+00,2.801943111100790515e-02,-1.964875471983094229e-02
1.090000000000000080e+00,2.777545495462937358e-02,-1.951131306373859661e-02
1.092000000000000082e+00,2.753341252086051114e-02,-1.937462706653399550e-02
1.094000000000000083e+00,2.729342774081330511e-02,-1.923869493560704733e-02
1.096000000000000085e+00,2.705546262656859449e-02,-1.910351551923890681e-02
1.098000000000000087e+00,2.681956546811738173e-02,-1.896908788069771173e-02
1.100000000000000089e+00,2.658555358900893326e-02,-1.883541040576432180e-02
1.102000000000000091e+00,2.635353992996701880e-02,-1.870248122460805434e-02
1.104000000000000092e+00,2.612351439883709575e-02,-1.857029921499273734e-02
1.106000000000000094e+00,2.589539115930994742e-02,-1.843886282083492811e-02
1.108000000000000096e+00,2.566918171338994359e-02,-1.830817017828589507e-02
1.110000000000000098e+00,2.544494809644097175e-02,-1.817822000345062708e-02
1.112000000000000099e+00,2.522261084134426457e-02,-1.804901104980103504e-02
1.114000000000000101e+00,2.500202106874190033e-02,-1.792054084632474162e-02
1.116000000000000103e+00,2.478342883114673448e-02,-1.779280766332425393e-02
1.118000000000000105e+00,2.456659282175753523e-02,-1.766580996410676077e-02
1.120000000000000107e+00,2.435167843421135944e-02,-1.753954590239199113e-02
1.122000000000000108e+00,2.413850432843414606e-02,-1.741401366845868326e-02
1.124000000000000110e+00,2.392728213201657239e-02,-1.728921176442666657e-02
1.126000000000000112e+00,2.371771340782338061e-02,-1.716513831485572128e-02
1.128000000000000114e+00,2.350986958609249319e-02,-1.704179023315372313e-02
1.130000000000000115e+00,2.330391442473954064e-02,-1.691916596522952468e-02
1.132000000000000117e+00,2.309966660318907641e-02,-1.679726398507228394e-02
1.134000000000000119e+00,2.289722511881985348e-02,-1.667608242363855658e-02
1.136000000000000121e+00,2.269637791364213092e-02,-1.655561885665248270e-02
1.138000000000000123e+00,2.249733182928706152e-02,-1.643587097775144404e-02
1.140000000000000124e+00,2.229997478819750398e-02,-1.631683717687822457e-02
1.142000000000000126e+00,2.210426100299921551e-02,-1.619851502423581488e-02
1.144000000000000128e+00,2.191023095924125516e-02,-1.608090220025347808e-02
1.146000000000000130e+00,2.171783729294607390e-02,-1.596399647688802326e-02
1.148000000000000131e+00,2.152715732296026085e-02,-1.584779594104776534e-02
1.150000000000000133e+00,2.133802201786083944e-02,-1.573229826002183265e-02
1.152000000000000135e+00,2.115058885327791849e-02,-1.561750116518076555e-02
1.153999999999999915e+00,2.096468250882337070e-02,-1.550340241739299463e-02
1.155999999999999917e+00,2.078036185511018472e-02,-1.538999919740341102e-02
1.157999999999999918e+00,2.059768264904090693e-02,-1.527728951980309238e-02
1.159999999999999920e+00,2.041658198729390944e-02,-1.516527147833470618e-02
1.161999999999999922e+00,2.023693844898995578e-02,-1.505394219639505371e-02
1.163999999999999924e+00,2.005889096612824621e-02,-1.494329903134581847e-02
1.165999999999999925e+00,1.988238581814082140e-02,-1.483333997967523077e-02
1.167999999999999927e+00,1.970739090296562065e-02,-1.472406265085270810e-02
1.169999999999999929e+00,1.953387403059949137e-02,-1.461546439208308810e-02
1.171999999999999931e+00,1.936181386251131092e-02,-1.450754237549286944e-02
1.173999999999999932e+00,1.919136457369012214e-02,-1.440029467947306387e-02
1.175999999999999934e+00,1.902227677352878732e-02,-1.429371894262484663e-02
1.177999999999999936e+00,1.885465380921303932e-02,-1.418781206395045708e-02
1.179999999999999938e+00,1.868844034608910243e-02,-1.408257134663624954e-02
1.181999999999999940e+00,1.852376891224604208e-02,-1.397799468778947868e-02
1.183999999999999941e+00,1.836048088858665411e-02,-1.387407994073519557e-02
1.185999999999999943e+00,1.819851325468599748e-02,-1.377082377290590048e-02
1.187999999999999945e+00,1.803800009021828271e-02,-1.366822339291854337e-02
1.189999999999999947e+00,1.787882579675460076e-02,-1.356627624475904847e-02
1.191999999999999948e+00,1.772118140069158659e-02,-1.346498034218810390e-02
1.193999999999999950e+00,1.756475106974185116e-02,-1.336433307571757191e-02
1.195999999999999952e+00,1.740970426602336113e-02,-1.326433109392919675e-02
1.197999999999999954e+00,1.725603164350918844e-02,-1.316497211141558557e-02
1.199999999999999956e+00,1.710364684145851064e-02,-1.306625339186896079e-02
1.201999999999999957e+00,1.695258139848322687e-02,-1.296817199657331748e-02
1.203999999999999959e+00,1.680285285279740567e-02,-1.287072539506209715e-02
1.205999999999999961e+00,1.665441404373742273e-02,-1.277391101178280280e-02
1.207999999999999963e+00,1.650726099096215191e-02,-1.267772606657751634e-02
1.209999999999999964e+00,1.636133728263653581e-02,-1.258216754515692135e-02
1.211999999999999966e+00,1.621677979595056995e-02,-1.248723303189336331e-02
1.213999999999999968e+00,1.607344193495739704e-02,-1.239292017019184844e-02
1.215999999999999970e+00,1.593130959215649858e-02,-1.229922575714157904e-02
1.217999999999999972e+00,1.579041099876012794e-02,-1.220614679170633349e-02
1.219999999999999973e+00,1.565083977722486405e-02,-1.211368111469740723e-02
1.221999999999999975e+00,1.551236611089100784e-02,-1.202182587175042866e-02
1.223999999999999977e+00,1.537508595557836311e-02,-1.193057752500481516e-02
1.225999999999999979e+00,1.523911521657164876e-02,-1.183993390848515036e-02
1.227999999999999980e+00,1.510419546133416786e-02,-1.174989212670588846e-02
1.229999999999999982e+00,1.497057894925768289e-02,-1.166044935399914231e-02
1.231999999999999984e+00,1.483806725015295383e-02,-1.157160320640776563e-02
1.233999999999999986e+00,1.470668846675007163e-02,-1.148335038289702119e-02
1.235999999999999988e+00,1.457648290670054796e-02,-1.139568811354401898e-02
1.237999999999999989e+00,1.444743464104292045e-02,-1.130861387280077471e-02
1.239999999999999991e+00,1.431943377792495135e-02,-1.122212450518156324e-02
1.241999999999999993e+00,1.419256377218554299e-02,-1.113621680232404487e-02
1.243999999999999995e+00,1.406687868304210519e-02,-1.105088849092321010e-02
1.245999999999999996e+00,1.394225464804519331e-02,-1.096613697938980322e-02
1.247999999999999998e+00,1.381866565437770387e-02,-1.088195889717930367e-02
1.250000000000000000e+00,1.369623972742964324e-02,-1.079835159054211118e-02
1.252000000000000002e+00,1.357483285183127587e-02,-1.071531241048068184e-02
1.254000000000000004e+00,1.345453522761726889e-02,-1.063283850218674220e-02
1.256000000000000005e+00,1.333525140386572320e-02,-1.055092708224718984e-02
1.258000000000000007e+00,1.321697143882559489e-02,-1.046957483985891044e-02
1.260000000000000009e+00,1.309981931462836716e-02,-1.038877925219545278e-02
1.262000000000000011e+00,1.298369483358132598e-02,-1.030853804482562315e-02
1.264000000000000012e+00,1.286853404153383978e-02,-1.022884806510081061e-02
1.266000000000000014e+00,1.275442237040917866e-02,-1.014970639146267270e-02
1.268000000000000016e+00,1.264121647650662608e-02,-1.007110986362918376e-02
1.270000000000000018e+00,1.252910571155495256e-02,-9.993055690225866733e-03
1.272000000000000020e+00,1.241794662815377641e-02,-9.915541462427047981e-03
1.274000000000000021e+00,1.230776529225953778e-02,-9.838564171411061723e-03
1.276000000000000023e+00,1.219854685759417384e-02,-9.762120969943636692e-03
1.278000000000000025e+00,1.209026104639483040e-02,-9.686208852396210878e-03
1.280000000000000027e+00,1.198298773123302255e-02,-9.610825197957872240e-03
1.282000000000000028e+00,1.187668426052778010e-02,-9.535967715212137139e-03
1.284000000000000030e+00,1.177117244410345702e-02,-9.461632886097812514e-03
1.286000000000000032e+00,1.166672001266441487e-02,-9.387817830067958502e-03
1.288000000000000034e+00,1.156314404570514542e-02,-9.314520266270026605e-03
1.290000000000000036e+00,1.146046037133302206e-02,-9.241737017690975289e-03
1.292000000000000037e+00,1.135868555194322754e-02,-9.169465193383206925e-03
1.294000000000000039e+00,1.125788307008807401e-02,-9.097702483605443063e-03
1.296000000000000041e+00,1.115787302670923596e-02,-9.026445963567117717e-03
1.298000000000000043e+00,1.105875971095811663e-02,-8.955692368555751362e-03
1.300000000000000044e+00,1.096054495316976449e-02,-8.885439155430470762e-03
1.302000000000000046e+00,1.086310887533596843e-02,-8.815683165639739277e-03
1.304000000000000048e+00,1.076669966895900041e-02,-8.746422107722934963e-03
1.306000000000000050e+00,1.067104408549577818e-02,-8.677653625229510975e-03
1.308000000000000052e+00,1.057626402129846141e-02,-8.609374556795499830e-03
1.310000000000000053e+00,1.048226258670506561e-02,-8.541581978925651825e-03
1.312000000000000055e+00,1.038912773746627528e-02,-8.474273009342486035e-03
1.314000000000000057e+00,1.029678330070900837e-02,-8.407444921714118252e-03
1.316000000000000059e+00,1.020530408147264992e-02,-8.341095073471839483e-03
1.318000000000000060e+00,1.011461462455279757e-02,-8.275220913243912582e-03
1.320000000000000062e+00,1.002474654950769040e-02,-8.209819710260076592e-03
1.322000000000000064e+00,9.935622836900224325e-03,-8.144888554210921380e-03
1.324000000000000066e+00,9.847273525779463507e-03,-8.080424341376367392e-03
1.326000000000000068e+00,9.759782516280087958e-03,-8.016424740151387521e-03
1.328000000000000069e+00,9.673054969083428462e-03,-7.952887432269869702e-03
1.330000000000000071e+00,9.587039185362572838e-03,-7.889809320905551496e-03
1.332000000000000073e+00,9.501811341913468656e-03,-7.827187534893125659e-03
1.334000000000000075e+00,9.417398191522036513e-03,-7.765019900493409614e-03
1.336000000000000076e+00,9.333609361242049818e-03,-7.703303360996932754e-03
1.338000000000000078e+00,9.250654942510209283e-03,-7.642035058472838698e-03
1.340000000000000080e+00,9.168388329196022410e-03,-7.581212594360685168e-03
1.342000000000000082e+00,9.086907130473713401e-03,-7.520833365063335670e-03
1.344000000000000083e+00,9.006113234752746374e-03,-7.460894846664762638e-03
1.346000000000000085e+00,8.926007141866625777e-03,-7.401394012097578523e-03
1.348000000000000087e+00,8.846668630365872588e-03,-7.342328399451872149e-03
1.350000000000000089e+00,8.767964124831615150e-03,-7.283695303652274952e-03
1.352000000000000091e+00,8.690087310997586176e-03,-7.225492465941300325e-03
1.354000000000000092e+00,8.612789792070368530e-03,-7.167717372853759684e-03
1.356000000000000094e+00,8.536181342902722166e-03,-7.110366772977857845e-03
1.358000000000000096e+00,8.460288863662073985e-03,-7.053438301748676809e-03
1.360000000000000098e+00,8.385066808493180437e-03,-6.996929566974020506e-03
1.362000000000000099e+00,8.310464652929939328e-03,-6.940837683181527024e-03
1.364000000000000101e+00,8.236517328193415644e-03,-6.885159743810138552e-03
1.366000000000000103e+00,8.163352521427975905e-03,-6.829893896093535387e-03
1.368000000000000105e+00,8.090772072969045284e-03,-6.775037939323507244e-03
1.370000000000000107e+00,8.018782757811312306e-03,-6.720588613996845984e-03
1.372000000000000108e+00,7.947471414081710983e-03,-6.666543288674430315e-03
1.374000000000000110e+00,7.876803492749126154e-03,-6.612899726153756257e-03
1.376000000000000112e+00,7.806761007045488060e-03,-6.559655442687782438e-03
1.378000000000000114e+00,7.737278630814110360e-03,-6.506807540305816449e-03
1.380000000000000115e+00,7.668547400457941497e-03,-6.454353941535490545e-03
1.382000000000000117e+00,7.600313939599448627e-03,-6.402292271349123258e-03
1.384000000000000119e+00,7.532749317375872153e-03,-6.350619736057766009e-03
1.386000000000000121e+00,7.465752994177340257e-03,-6.299334036070683082e-03
1.388000000000000123e+00,7.399335756360798586e-03,-6.248432411576253925e-03
1.390000000000000124e+00,7.333560688127347023e-03,-6.197912612229333068e-03
1.392000000000000126e+00,7.268351847853142013e-03,-6.147772383691248177e-03
1.394000000000000128e+00,7.203710699268117690e-03,-6.098009098873338057e-03
1.396000000000000130e+00,7.139664080048371136e-03,-6.048620368377559571e-03
1.398000000000000131e+00,7.076131003976546784e-03,-5.999603551285884184e-03
1.400000000000000133e+00,7.013270342825735949e-03,-5.950956540384366895e-03
1.402000000000000135e+00,6.950866631156811699e-03,-5.902676962182495934e-03
1.404000000000000137e+00,6.889058706097198927e-03,-5.854762048602586699e-03
1.406000000000000139e+00,6.827843624985794127e-03,-5.807209920493199701e-03
1.407999999999999918e+00,6.767104050962586929e-03,-5.760018042452598290e-03
1.409999999999999920e+00,6.706993385692084676e-03,-5.713184161782985070e-03
1.411999999999999922e+00,6.647318778617048590e-03,-5.666705859519832224e-03
1.413999999999999924e+00,6.588190086196526324e-03,-5.620580286269483833e-03
1.415999999999999925e+00,6.529623520316477428e-03,-5.574805415867142323e-03
1.417999999999999927e+00,6.471553984856159847e-03,-5.529378988121442032e-03
1.419999999999999929e+00,6.414071219328566081e-03,-5.484298959853479115e-03
1.421999999999999931e+00,6.357037694690851996e-03,-5.439563067906016437e-03
1.423999999999999932e+00,6.300561233337684773e-03,-5.395168936089128620e-03
1.425999999999999934e+00,6.244569341241513506e-03,-5.351114463007151413e-03
1.427999999999999936e+00,6.189031536916069116e-03,-5.307396993694635072e-03
1.429999999999999938e+00,6.134057869615445677e-03,-5.264014416865215977e-03
1.431999999999999940e+00,6.079504531694526412e-03,-5.220964477891248956e-03
1.433999999999999941e+00,6.025479222323836676e-03,-5.178244768355167935e-03
1.435999999999999943e+00,5.971900140842145710e-03,-5.135853099867736596e-03
1.437999999999999945e+00,5.918862961080157727e-03,-5.093787426349213540e-03
1.439999999999999947e+00,5.866283498811586568e-03,-5.052045831661713254e-03
1.441999999999999948e+00,5.814158446673331829e-03,-5.010625936191256784e-03
1.443999999999999950e+00,5.762527987149378660e-03,-4.969525646591599517e-03
1.445999999999999952e+00,5.711264388024881941e-03,-4.928742398989691825e-03
1.447999999999999954e+00,5.660572242674135127e-03,-4.888274154718090514e-03
1.449999999999999956e+00,5.610256716612566259e-03,-4.848118988495260691e-03
1.451999999999999957e+00,5.560424159699399113e-03,-4.808274505112120067e-03
1.453999999999999959e+00,5.511006442994815027e-03,-4.768738597861726068e-03
1.455999999999999961e+00,5.462042854183591332e-03,-4.729509044091658940e-03
1.457999999999999963e+00,5.413552617256187430e-03,-4.690584029231146396e-03
1.459999999999999964e+00,5.365477533332245995e-03,-4.651961561244690943e-03
1.461999999999999966e+00,5.317760571523491228e-03,-4.613639019991524169e-03
1.463999999999999968e+00,5.270644262826278646e-03,-4.575614945573016137e-03
1.465999999999999970e+00,5.223778413450804944e-03,-4.537887294276903190e-03
1.467999999999999972e+00,5.177446015365559998e-03,-4.500453673826372049e-03
1.469999999999999973e+00,5.131442023984605048e-03,-4.463312216645776501e-03
1.471999999999999975e+00,5.085880687944202561e-03,-4.426460561972836438e-03
1.473999999999999977e+00,5.040686730366520686e-03,-4.389896641919992758e-03
1.475999999999999979e+00,4.996002441397860358e-03,-4.353618836909444595e-03
1.477999999999999980e+00,4.951649642490258720e-03,-4.317625370953415836e-03
1.479999999999999982e+00,4.907625465305373753e-03,-4.281913439266998682e-03
1.481999999999999984e+00,4.864129907081464650e-03,-4.246481467306475500e-03
1.483999999999999986e+00,4.820963151335749645e-03,-4.211327931786800448e-03
1.485999999999999988e+00,4.778189639119693327e-03,-4.176450556734957568e-03
1.487999999999999989e+00,4.735735915780217749e-03,-4.141847062807037065e-03
1.489999999999999991e+00,4.693763378533854537e-03,-4.107515745253491682e-03
1.491999999999999993e+00,4.652058318776668838e-03,-4.073454639218715943e-03
1.493999999999999995e+00,4.610811788489823163e-03,-4.039661696394786401e-03
1.495999999999999996e+00,4.569922078210535837e-03,-4.006135449742332863e-03
1.497999999999999998e+00,4.529394193836890070e-03,-3.972873908705210066e-03
1.500000000000000000e+00,4.489210769508360233e-03,-3.939875053360595257e-03
1.502000000000000002e+00,4.449465308993894377e-03,-3.907137371907817673e-03
1.504000000000000004e+00,4.409926310321923316e-03,-3.874658575798548606e-03
1.506000000000000005e+00,4.370816315099349848e-03,-3.842436373147585602e-03
1.508000000000000007e+00,4.332095105507398174e-03,-3.810469605603361651e-03
1.510000000000000009e+00,4.293697276424357327e-03,-3.778756535640134546e-03
1.512000000000000011e+00,4.255672545371212874e-03,-3.747295376251099600e-03
1.514000000000000012e+00,4.217902730747774727e-03,-3.716083980793799275e-03
1.516000000000000014e+00,4.180548652554620659e-03,-3.685120504622495761e-03
1.518000000000000016e+00,4.143466242854680973e-03,-3.654403247828500421e-03
1.520000000000000018e+00,4.106761404497324963e-03,-3.623930328747324101e-03
1.522000000000000020e+00,4.070363408159427716e-03,-3.593700122868523101e-03
1.524000000000000021e+00,4.034322448089776129e-03,-3.563710928233994324e-03
1.526000000000000023e+00,3.998613782777800732e-03,-3.533961239444799885e-03
1.528000000000000025e+00,3.963126829509827122e-03,-3.504448789770625051e-03
1.530000000000000027e+00,3.928075412618071277e-03,-3.475171971819229679e-03
1.532000000000000028e+00,3.893251219803266650e-03,-3.446129254399197487e-03
1.534000000000000030e+00,3.858739066377491096e-03,-3.417318415681697315e-03
1.536000000000000032e+00,3.824611359197161060e-03,-3.388738211042400215e-03
1.538000000000000034e+00,3.790739068520634046e-03,-3.360387106532674011e-03
1.540000000000000036e+00,3.757179221457972434e-03,-3.332263179392125959e-03
1.542000000000000037e+00,3.723926014312280326e-03,-3.304364854116404512e-03
1.544000000000000039e+00,3.690953228786688235e-03,-3.276690406119204309e-03
1.546000000000000041e+00,3.658259472315273774e-03,-3.249237989969023729e-03
1.548000000000000043e+00,3.625942096865344359e-03,-3.222006374594675072e-03
1.550000000000000044e+00,3.593808449638029919e-03,-3.194993798345863948e-03
1.552000000000000046e+00,3.562041012569580091e-03,-3.168198482693734483e-03
1.554000000000000048e+00,3.530542578196771506e-03,-3.141619198692803105e-03
1.556000000000000050e+00,3.499324580558344725e-03,-3.115254244657596292e-03
1.558000000000000052e+00,3.468317578034994277e-03,-3.089101613190383365e-03
1.560000000000000053e+00,3.437626946596142232e-03,-3.063159551751807198e-03
1.562000000000000055e+00,3.407272875858535690e-03,-3.037427096490807193e-03
1.564000000000000057e+00,3.377096693356067877e-03,-3.011902495968035633e-03
1.566000000000000059e+00,3.347304438998689128e-03,-2.986584321618392102e-03
1.568000000000000060e+00,3.317709253082972397e-03,-2.961471296683611081e-03
1.570000000000000062e+00,3.288327135225872777e-03,-2.936561162310814821e-03
1.572000000000000064e+00,3.259301081320406610e-03,-2.911852649016596906e-03
1.574000000000000066e+00,3.230442481140844216e-03,-2.887344251766680442e-03
1.576000000000000068e+00,3.201974616515201964e-03,-2.863034709727497670e-03
1.578000000000000069e+00,3.173598902958199661e-03,-2.838922349239308713e-03
1.580000000000000071e+00,3.145554234808531184e-03,-2.815005177862496630e-03
1.582000000000000073e+00,3.117795166339828658e-03,-2.791282395128838467e-03
1.584000000000000075e+00,3.090269161722989689e-03,-2.767752651771810627e-03
1.586000000000000076e+00,3.062971062649724220e-03,-2.744414288499081103e-03
1.588000000000000078e+00,3.036000806210691592e-03,-2.721266250597705744e-03
1.590000000000000080e+00,3.009169293056122244e-03,-2.698306986118162529e-03
1.592000000000000082e+00,2.982607677768140189e-03,-2.675534630869047352e-03
1.594000000000000083e+00,2.956280291757505674e-03,-2.652947927528746200e-03
1.596000000000000085e+00,2.930189412384792691e-03,-2.630545452922068098e-03
1.598000000000000087e+00,2.904268555903634971e-03,-2.608325437379737342e-03
1.600000000000000089e+00,2.878672279195629378e-03,-2.586286668100462680e-03
1.602000000000000091e+00,2.853219856601669092e-03,-2.564427810799460323e-03
1.604000000000000092e+00,2.828128193745852760e-03,-2.542747781598073305e-03
1.606000000000000094e+00,2.803156062453206893e-03,-2.521245384771598347e-03
1.608000000000000096e+00,2.778478602175782786e-03,-2.499919064967575776e-03
1.610000000000000098e+00,2.753911968048656372e-03,-2.478767243858372507e-03
1.612000000000000099e+00,2.729680357526455010e-03,-2.457788621519505813e-03
1.614000000000000101e+00,2.705584267734807875e-03,-2.436982074431110444e-03
1.616000000000000103e+00,2.681743708526744974e-03,-2.416346037851211086e-03
1.618000000000000105e+00,2.658138622291825268e-03,-2.395879576083421482e-03
1.620000000000000107e+00,2.634706217689334121e-03,-2.375581290416817204e-03
1.622000000000000108e+00,2.611512729955766700e-03,-2.355449833463051958e-03
1.624000000000000110e+00,2.588473582313352041e-03,-2.335483780635791429e-03
1.626000000000000112e+00,2.565698872912101046e-03,-2.315681889156367447e-03
1.628000000000000114e+00,2.543057971337725140e-03,-2.296042827487000237e-03
1.630000000000000115e+00,2.520674830302850871e-03,-2.276565251861567551e-03
1.632000000000000117e+00,2.498417058454249426e-03,-2.257247799325528062e-03
1.634000000000000119e+00,2.476498670480468609e-03,-2.238089624205454650e-03
1.636000000000000121e+00,2.454726364716319168e-03,-2.219090034767715134e-03
1.638000000000000123e+00,2.433070218640314905e-03,-2.200247035198674931e-03
1.640000000000000124e+00,2.411623328811693910e-03,-2.181559037295010411e-03
1.642000000000000126e+00,2.390471947126362497e-03,-2.163025552107689271e-03
1.644000000000000128e+00,2.369397346050068458e-03,-2.144645329458453719e-03
1.646000000000000130e+00,2.348564219279527729e-03,-2.126416825044899050e-03
1.648000000000000131e+00,2.327904957753565256e-03,-2.108339100806953369e-03
1.650000000000000133e+00,2.307407437361732802e-03,-2.090410774741839704e-03
1.652000000000000135e+00,2.287122095072422531e-03,-2.072630717602553987e-03
1.654000000000000137e+00,2.266984955839007436e-03,-2.054997749093358771e-03
1.656000000000000139e+00,2.247102646109750725e-03,-2.037510970858775073e-03
1.658000000000000140e+00,2.227338382068796020e-03,-2.020169332033539163e-03
1.660000000000000142e+00,2.207768763100130972e-03,-2.002971448328942639e-03
1.662000000000000144e+00,2.188367896535228958e-03,-1.985916268521036032e-03
1.664000000000000146e+00,2.169139941915767655e-03,-1.969002634389847156e-03
1.665999999999999925e+00,2.150068051217674837e-03,-1.952229339554957489e-03
1.667999999999999927e+00,2.131197067779691187e-03,-1.935595374756362468e-03
1.669999999999999929e+00,2.112528004191746144e-03,-1.919100024917654718e-03
1.671999999999999931e+00,2.093940100311058802e-03,-1.902741889775718277e-03
1.673999999999999932e+00,2.075542430716716732e-03,-1.886519523109377559e-03
1.675999999999999934e+00,2.057326731413884266e-03,-1.870432107259708057e-03
1.677999999999999936e+00,2.039229008227771804e-03,-1.854478419252283614e-03
1.679999999999999938e+00,2.021344501372277901e-03,-1.838657445198100008e-03
1.681999999999999940e+00,2.003616484282046920e-03,-1.822968428184320580e-03
1.683999999999999941e+00,1.986040045384246389e-03,-1.807410265748126375e-03
1.685999999999999943e+00,1.968607475866845317e-03,-1.791981807052334683e-03
1.687999999999999945e+00,1.951314816102984887e-03,-1.776681855417875863e-03
1.689999999999999947e+00,1.934210545229614721e-03,-1.761509502805233291e-03
1.691999999999999948e+00,1.917274762989941905e-03,-1.746464036294206228e-03
1.693999999999999950e+00,1.900510963348556745e-03,-1.731544669021010908e-03
1.695999999999999952e+00,1.883804722902321545e-03,-1.716749975903076719e-03
1.697999999999999954e+00,1.867274622114194075e-03,-1.702078579386492874e-03
1.699999999999999956e+00,1.850943931254320045e-03,-1.687529971445738200e-03
1.701999999999999957e+00,1.834746679546619443e-03,-1.673103412940473052e-03
1.703999999999999959e+00,1.818643789709846340e-03,-1.658797560975147460e-03
1.705999999999999961e+00,1.802733653962849741e-03,-1.644611448037037625e-03
1.707999999999999963e+00,1.786946709349167490e-03,-1.630544301888244051e-03
1.709999999999999964e+00,1.771285627204242583e-03,-1.616594972826777095e-03
1.711999999999999966e+00,1.755744976502880130e-03,-1.602762317948254510e-03
1.713999999999999968e+00,1.740374956096787723e-03,-1.589045481990556926e-03
1.715999999999999970e+00,1.725148421831174290e-03,-1.575443770391986471e-03
1.717999999999999972e+00,1.710027275509360799e-03,-1.561956118713839735e-03
1.719999999999999973e+00,1.695054286139556369e-03,-1.548581513970704151e-03
1.721999999999999975e+00,1.680273717252826282e-03,-1.535319482465530034e-03
1.723999999999999977e+00,1.665566163078079738e-03,-1.522169123316577735e-03
1.725999999999999979e+00,1.650993251852212601e-03,-1.509129212356105469e-03
1.727999999999999980e+00,1.636547932198435546e-03,-1.496198871204988375e-03
1.729999999999999982e+00,1.622273382501340094e-03,-1.483377458165707980e-03
1.731999999999999984e+00,1.608052772378120235e-03,-1.470663911546793868e-03
1.733999999999999986e+00,1.594010660292165217e-03,-1.458057236677562981e-03
1.735999999999999988e+00,1.580058387309771347e-03,-1.445556672983972554e-03
1.737999999999999989e+00,1.566310066677213024e-03,-1.433161631688903729e-03
1.739999999999999991e+00,1.552537249220049213e-03,-1.420870861557398416e-03
1.741999999999999993e+00,1.538983187801100903e-03,-1.408683219452296163e-03
1.743999999999999995e+00,1.525546348654164370e-03,-1.396598426434523523e-03
1.745999999999999996e+00,1.512239046040254799e-03,-1.384615690691945976e-03
1.747999999999999998e+00,1.499051439215943072e-03,-1.372734255087884863e-03
1.750000000000000000e+00,1.485939615982401511e-03,-1.360953059825063772e-03
1.752000000000000002e+00,1.472938510922255050e-03,-1.349271010607955680e-03
1.754000000000000004e+00,1.460101698202287326e-03,-1.337687560368904871e-03
1.756000000000000005e+00,1.447417439088178031e-03,-1.326202428825720876e-03
1.758000000000000007e+00,1.434716731340918323e-03,-1.314814277298770838e-03
1.760000000000000009e+00,1.422242257811680635e-03,-1.303522223798904856e-03
1.762000000000000011e+00,1.409779787280092357e-03,-1.292325574130543438e-03
1.764000000000000012e+00,1.397577160237898145e-03,-1.281223852719537730e-03
1.766000000000000014e+00,1.385331369602732813e-03,-1.270216272865189004e-03
1.768000000000000016e+00,1.373229357571333119e-03,-1.259301373013642974e-03
1.770000000000000018e+00,1.361303515371574532e-03,-1.248479017431917059e-03
1.772000000000000020e+00,1.349429033450324838e-03,-1.237748536332380087e-03
1.774000000000000021e+00,1.337629125888644679e-03,-1.227108670250312257e-03
1.776000000000000023e+00,1.325944018089349587e-03,-1.216558556658076584e-03
1.778000000000000025e+00,1.314461243463833353e-03,-1.206098111201822556e-03
1.780000000000000027e+00,1.302965848561719701e-03,-1.195726506158891096e-03
1.782000000000000028e+00,1.291633333429368464e-03,-1.185442695197403860e-03
1.784000000000000030e+00,1.280431727864726234e-03,-1.175246504848274746e-03
1.786000000000000032e+00,1.269321285095466670e-03,-1.165137349443042328e-03
1.788000000000000034e+00,1.258139471547594073e-03,-1.155113453848592101e-03
1.790000000000000036e+00,1.247266326563865706e-03,-1.145174356239413074e-03
1.792000000000000037e+00,1.236434883247120205e-03,-1.135320284704643100e-03
1.794000000000000039e+00,1.225632288192298521e-03,-1.125549814445683198e-03
1.796000000000000041e+00,1.214962440892025349e-03,-1.115862079507004946e-03
1.798000000000000043e+00,1.204446081101252309e-03,-1.106256972578686546e-03
1.800000000000000044e+00,1.193984965777846949e-03,-1.096733939025213399e-03
1.802000000000000046e+00,1.183533187140108165e-03,-1.087291581594879240e-03
1.804000000000000048e+00,1.173290395719163827e-03,-1.077929433311854103e-03
1.806000000000000050e+00,1.163088594416927194e-03,-1.068647231941578183e-03
1.808000000000000052e+00,1.152927293599553078e-03,-1.059443724281486322e-03
1.810000000000000053e+00,1.142972407708185050e-03,-1.050318660549188869e-03
1.812000000000000055e+00,1.132990278037871541e-03,-1.041271399731689236e-03
1.814000000000000057e+00,1.123201629649420597e-03,-1.032301239081830730e-03
1.816000000000000059e+00,1.113428045897808197e-03,-1.023407741778842609e-03
1.818000000000000060e+00,1.103685674062304103e-03,-1.014589518921366583e-03
1.820000000000000062e+00,1.094179763607627462e-03,-1.005846515338261124e-03
1.822000000000000064e+00,1.084622022206131395e-03,-9.971781941359796845e-04
1.824000000000000066e+00,1.075248559474512294e-03,-9.885837223937371868e-04
1.826000000000000068e+00,1.065815239423011053e-03,-9.800622322427622081e-04
1.828000000000000069e+00,1.056665671124112265e-03,-9.716134631205527268e-04
1.830000000000000071e+00,1.047490705330004785e-03,-9.632373740804708439e-04
1.832000000000000073e+00,1.038382082804581354e-03,-9.549326399809502037e-04
1.834000000000000075e+00,1.029378804606800738e-03,-9.466987298290695154e-04
1.836000000000000076e+00,1.020455975936176030e-03,-9.385352095493363234e-04
1.838000000000000078e+00,1.011630150081804531e-03,-9.304416084883523202e-04
1.840000000000000080e+00,1.002787156051224669e-03,-9.224168866322678345e-04
1.842000000000000082e+00,9.941456360696703399e-04,-9.144606411017262544e-04
1.844000000000000083e+00,9.855636462370431089e-04,-9.065729378804977855e-04
1.846000000000000085e+00,9.769600449628234196e-04,-8.987525259267739770e-04
1.848000000000000087e+00,9.684985990679117421e-04,-8.909986594676404855e-04
1.850000000000000089e+00,9.601438915910896939e-04,-8.833113709411403395e-04
1.852000000000000091e+00,9.518062968768996107e-04,-8.756899590055956632e-04
1.854000000000000092e+00,9.435952976392963281e-04,-8.681338535824285798e-04
1.856000000000000094e+00,9.353832699413903388e-04,-8.606423882703354835e-04
1.858000000000000096e+00,9.272858576320306290e-04,-8.532148378949812968e-04
1.860000000000000098e+00,9.192475681099249781e-04,-8.458508474571577130e-04
1.862000000000000099e+00,9.113075635584821964e-04,-8.385499764965266079e-04
1.864000000000000101e+00,9.034149273747955075e-04,-8.313117262622294430e-04
1.866000000000000103e+00,8.955742662188789739e-04,-8.241353336421368501e-04
1.868000000000000105e+00,8.878229002842442062e-04,-8.170202968798347424e-04
1.870000000000000107e+00,8.801673626573441010e-04,-8.099663879604481267e-04
1.872000000000000108e+00,8.725384297116187864e-04,-8.029730160265226768e-04
1.874000000000000110e+00,8.650580780891021712e-04,-7.960399160700902402e-04
1.876000000000000112e+00,8.575405213282547142e-04,-7.891664536879432245e-04
1.878000000000000114e+00,8.500686052544956586e-04,-7.823513918463546575e-04
1.880000000000000115e+00,8.427736503628510331e-04,-7.755947819806018008e-04
1.882000000000000117e+00,8.354932179720755882e-04,-7.688965009511654564e-04
1.884000000000000119e+00,8.282822279581107845e-04,-7.622557947189830983e-04
1.886000000000000121e+00,8.210950709161516248e-04,-7.556719758264240829e-04
1.888000000000000123e+00,8.140277452944971693e-04,-7.491446681559535067e-04
1.890000000000000124e+00,8.069626873560114535e-04,-7.426733775241871598e-04
1.892000000000000126e+00,7.999650545627200399e-04,-7.362573073710687371e-04
1.894000000000000128e+00,7.931771873533862219e-04,-7.298969095414597867e-04
1.896000000000000130e+00,7.862712285255127028e-04,-7.235915397503073741e-04
1.898000000000000131e+00,7.794910155378627662e-04,-7.173400623403084929e-04
1.900000000000000133e+00,7.727472947386900036e-04,-7.111422741048678206e-04
1.902000000000000135e+00,7.661078191594540565e-04,-7.049978539784411977e-04
1.904000000000000137e+00,7.595103940778567429e-04,-6.989065235698418933e-04
1.906000000000000139e+00,7.528473441388817359e-04,-6.928670012882643140e-04
1.908000000000000140e+00,7.464514599649617072e-04,-6.868793579217681187e-04
1.910000000000000142e+00,7.400071647429026876e-04,-6.809437774190446558e-04
1.912000000000000144e+00,7.336091148503590164e-04,-6.750591345450249582e-04
1.914000000000000146e+00,7.272972557197793491e-04,-6.692251172933139135e-04
1.916000000000000147e+00,7.210055755571517832e-04,-6.634412675790467761e-04
1.918000000000000149e+00,7.147500171129705449e-04,-6.577068374334376797e-04
1.919999999999999929e+00,7.085733563815247620e-04,-6.520214394038793002e-04
1.921999999999999931e+00,7.025660706626564531e-04,-6.463854893683443218e-04
1.923999999999999932e+00,6.964576813430826919e-04,-6.407983388789350448e-04
1.925999999999999934e+00,6.904908832282815115e-04,-6.352591828372981418e-04
1.927999999999999936e+00,6.845282663987577653e-04,-6.297678536353859460e-04
1.929999999999999938e+00,6.786296040428528836e-04,-6.243237289681465669e-04
1.931999999999999940e+00,6.727985491860907601e-04,-6.189265738739273314e-04
1.933999999999999941e+00,6.670167049895337494e-04,-6.135760743555022326e-04
1.935999999999999943e+00,6.612427823990666862e-04,-6.082715691071242372e-04
1.937999999999999945e+00,6.555793130527511406e-04,-6.030127705726423624e-04
1.939999999999999947e+00,6.499095807880218975e-04,-5.977993150944978977e-04
1.941999999999999948e+00,6.443474795697297147e-04,-5.926308310377441770e-04
1.943999999999999950e+00,6.387671926145639927e-04,-5.875068840853146226e-04
1.945999999999999952e+00,6.332991208905312374e-04,-5.824270748547247939e-04
1.947999999999999954e+00,6.278151255677122530e-04,-5.773910266612127494e-04
1.949999999999999956e+00,6.224309194589530822e-04,-5.723982963063694186e-04
1.951999999999999957e+00,6.170768839772105890e-04,-5.674487239353533065e-04
1.953999999999999959e+00,6.118112743249116102e-04,-5.625420901959838965e-04
1.955999999999999961e+00,6.065314630152771579e-04,-5.576779185008322705e-04
1.957999999999999963e+00,6.012852906739589833e-04,-5.528554135104544933e-04
1.959999999999999964e+00,5.961764232206618773e-04,-5.480746919675643682e-04
1.961999999999999966e+00,5.910319669031747136e-04,-5.433354649739497930e-04
1.963999999999999968e+00,5.859250825816451338e-04,-5.386368570015044816e-04
1.965999999999999970e+00,5.809412287553283394e-04,-5.339789458547593726e-04
1.967999999999999972e+00,5.759172817484342708e-04,-5.293613537723460558e-04
1.969999999999999973e+00,5.709325521598460724e-04,-5.247832106058039755e-04
1.971999999999999975e+00,5.661210911675679030e-04,-5.202449261103971392e-04
1.973999999999999977e+00,5.611986420924729982e-04,-5.157460222793457724e-04
1.975999999999999979e+00,5.564186787122976652e-04,-5.112858438490200602e-04
1.977999999999999980e+00,5.516341125715785347e-04,-5.068643782456630801e-04
1.979999999999999982e+00,5.468733864646623758e-04,-5.024809119203281233e-04
1.981999999999999984e+00,5.422206922904991740e-04,-4.981354102376593001e-04
1.983999999999999986e+00,5.375214040997327398e-04,-4.938274259035926265e-04
1.985999999999999988e+00,5.329367877299716599e-04,-4.895565581953443711e-04
1.987999999999999989e+00,5.283990439718031212e-04,-4.853229708117104803e-04
1.989999999999999991e+00,5.238594401419191136e-04,-4.811261392855975560e-04
1.991999999999999993e+00,5.193235855342084959e-04,-4.769652887384532160e-04
1.993999999999999995e+00,5.149021325718346111e-04,-4.728403445925519004e-04
1.995999999999999996e+00,5.104554680689597215e-04,-4.687510664784852042e-04
1.997999999999999998e+00,5.060743644124208324e-04,-4.646969288271561496e-04
